SKILLSET,,CERTIFICATIONS
Perl,,
ASP,,
C Programming,,
Java,,
JSP,,
JavaScript,,
XML,,
Cold Fusion,,
Python,,
Visual Basic,,
.NET,,
Script Install,,
Windows Desktop,,
System Admin,,
Linux,,
Web Security,,
Delphi,,
SEO,,
Link Building,,
J2EE,,
Ruby on Rails,,
AJAX,,
Joomla,,
Shopping Carts,,
Game Design,,
Social Networking,,
Testing / QA,,
SQL,,
WordPress,,
Twitter,,
Computer Security,,
Cloud Computing,,
Magento,,
MMORPG,,
Web Scraping,,
MySpace,,
Drupal,,
UML Design,,
Troubleshooting,,
C# Programming,,
Photoshop Coding,,
Erlang,,
JavaFX,,
Django,,
User Interface / IA,,
Software Architecture,,
Oracle,,
CMS,,
Volusion,,
Microsoft Access,,
Asterisk PBX,,
Cisco,,
DotNetNuke,,
Google App Engine,,
Boonex Dolphin,,
Social Engine,,
eCommerce,,
PayPal API,,
Cocoa,,
Mac OS,,
Objective C,,
Sharepoint,,
Metatrader,,
Forum Software,,
YouTube,,
Google Wave,,
Expression Engine,,
Electronic Forms,,
Silverlight,,
Software Testing,,
Embedded Software,,
Zen Cart,,
Test Automation,,
AS400 & iSeries,,
Apache,,
Website Testing,,
REALbasic,,
Microsoft Exchange,,
Active Directory,,
DNS,,
IIS,,
MODx,,
OSCommerce,,
vBulletin,,
CakePHP,,
Zend,,
Codeigniter,,
Protoshare,,
Balsamiq,,
Golang,,
Microsoft Expression,,
Virtual Worlds,,
Chrome OS,,
VoIP,,
GPGPU,,
SAP,,
Shell Script,,
BMC Remedy,,
HP Openview,,
Chordiant,,
COBOL,,
Azure,,
CUDA,,
NoSQL Couch & Mongo,,
Microsoft,,
Prolog,,
Google Analytics,,
vTiger,,
Nginx,,
Prestashop,,
MySQL,,
Fortran,,
Google Buzz,,
Apache Solr,,
Pentaho,,
Usability Testing,,
Amazon Web Services,,
C++ Programming,,
HTML5,,
Solaris,,
HTML,,
UNIX,,
jQuery / Prototype,,
Freelancer API,,
XSLT,,
FileMaker,,
PICK Multivalue DB,,
Blog Install,,
Google Earth,,
Windows Server,,
Virtuemart,,
Sencha / YahooUI,,
TaoBao API,,
Business Catalyst,,
IBM Tivoli,,
CRE Loaded,,
Visual Foxpro,,
CubeCart,,
Rocket Engine,,
AutoHotkey,,
Symfony PHP,,
Parallels Desktop,,
Plesk,,
Virtuozzo,,
Parallels Automation,,
LabVIEW,,
Lotus Notes,,
Firefox,,
TestStand,,
Dynamics,,
Kinect,,
Smarty PHP,,
Yii,,
Interspire,,
eLearning,,
Unity 3D,,
Google Chrome,,
Apple Safari,,
Google Plus,,
Face Recognition,,
OCR,,
Pattern Matching,,
Computer Graphics,,
BigCommerce,,
Haskell,,
WPF,,
Dart,,
Gamification,,
MVC,,
DOS,,
Google Checkout,,
Ning,,
Linkedin,,
Assembly,,
Website Management,,
Game Consoles,,
Tumblr,,
Database Administration,,
Scrum Development,,
Agile Development,,
Debugging,,
Grease Monkey,,
CS-Cart,,
Google Web Toolkit,,
webMethods,,
Big Data Sales,,
Hadoop,,
Map Reduce,,
Analytics,,
OpenGL,,
OpenCL,,
Node.js,,
Pinterest,,
Shopify,,
SugarCRM,,
Visual Basic for Apps,,
Moodle,,
x86/x64 Assembler,,
Windows API,,
Web Hosting,,
Open Cart,,
Zoho,,
WHMCS,,
VPS,,
4D,,
QlikView,,
PhoneGap,,
Siebel,,
QuickBase,,
Umbraco,,
Biztalk,,
Bitcoin,,
Puppet,,
Chef Configuration Management,,
Scala,,
backbone.js,,
Dthreejs,,
Express JS,,
Socket IO,,
Knockout.js,,
R Programming Language,,
Windows 8,,
CasperJS,,
PostgreSQL,,
BSD,,
Software Development,,
Ruby,,
edX,,
Ubuntu,,
Debian,,
MariaDB,,
Red Hat,,
Jabber,,
XMPP,,
VMware,,
Game Development,,
Laravel,,
Database Programming,,
Network Administration,,
Web Services,,
ASP.NET,,
Microsoft SQL Server,,
SQLite,,
RESTful,,
Redis,,
Google Webmaster Tools,,
VB.NET,,
Lisp,,
XQuery,,
Scheme,,
AngularJS,,
Database Development,,
Internet Security,,
Salesforce App Development,,
Mobile App Testing,,
Data Warehousing,,
VertexFX,,
Swift,,
Elasticsearch,,
VoiceXML,,
Call Control XML,,
TYPO3,,
IBM Websphere Transformation Tool,,
SPSS Statistics,,
Qualtrics Survey Platform,,
Argus Monitoring Software,,
Git,,
Sphinx,,
Parallax Scrolling,,
OpenVMS,,
Scrum,,
ITIL,,
Growth Hacking,,
GameSalad,,
Alibaba,,
Adobe Air,,
Snapchat,,
Instagram,,
React.js,,
Ember.js,,
Stripe,,
Zendesk,,
WatchKit,,
Microsoft Hololens,,
Binary Analysis,,
MonetDB,,
GoPro,,
Heroku,,
Google Maps API,,
Grunt,,
LESS/Sass/SCSS,,
Hive,,
HBase,,
Yarn,,
Cassandra,,
Spark,,
Bower,,
PencilBlue CMS,,
Wufoo,,
OpenBravo,,
Augmented Reality,,
Vuforia,,
Oculus Mobile SDK,,
Google Cardboard,,
Magic Leap,,
Android Wear SDK,,
Samsung Accessory SDK,,
iBeacon,,
Bluetooth Low Energy (BLE),,
Tizen SDK for Wearables,,
Leap Motion SDK,,
MQTT,,
DDS,,
AMQP,,
Xoops,,
Papiamento,,
Plugin,,
Wix,,
HomeKit,,
Squarespace,,
Weebly,,
Steam API,,
Ionic Framework,,
Redshift,,
CLIPS,,
Tibco Spotfire,,
Tableau,,
Xojo,,
DataLife Engine,,
Minitab,,
JSON,,
Paytrace,,
Lua,,
FreeSwitch,,
Applescript,,
Apache Ant,,
Artificial Intelligence,,
Google Cloud Storage,,
LINQ,,
OAuth,,
OpenSSL,,
OpenStack,,
Regular Expressions,,
Squid Cache,,
Subversion,,
Powershell,,
Varnish Cache,,
Splunk,,
IBM BPM,,
GIMP,,
Veeam,,
Odoo,,
LiveCode,,
Titanium,,
RapidWeaver,,
Tally Definition Language,,
Adobe Captivate,,
PEGA PRPC,,
JD Edwards CNC,,
Open Journal Systems,,
XPages,,
Adobe Premiere Pro,,
Email Developer,,
App Developer,,
Coding,,
Programming,,
Storage Area Networks,,
MeteorJS,,
Grails,,
Business Intelligence,,
Typescript,,
Xamarin,,
Microsoft Visio,,
Raspberry Pi,,
OpenSceneGraph,,
Ray-tracing,,
Parallel Processing,,
Visualization,,
Blockchain,,
Oculus Rift,,
HTC Vive,,
Ethereum,,
Learning Management Systems (LMS),,
Penetration Testing,,
SEO Auditing,,
Asana,,
Facebook API,,
Geographical Information System (GIS),,
Docker,,
Pardot Development,,
Drawing,,
Eclipse,,
Sketching,,
Corel Draw,,
Copyright,,
Swing (Java),,
OpenVPN,,
cURL,,
Adobe Illustrator,,
Virtual Machines,,
Camtasia,,
Netbeans,,
Pascal,,
Scripting,,
phpMyAdmin,,
Qt,,
Computer Science,,
Digital Marketing,,
CV Library,,
OpenCV,,
Cinematography,,
Web Development,,
Adobe Muse,,
JUnit,,
Object Oriented Programming (OOP),,
Web Crawling,,
Twitter API,,
CSS3,,
Instagram API,,
XHTML,,
Scrapy,,
Assembla,,
XAML,,
Social Media Management,,
Moz,,
ADO.NET,,
Apache Maven,,
OpenVZ,,
Adobe Pagemaker,,
iOS Development,,
Website Analytics,,
PhpNuke,,
Graphics Programming,,
phpFox,,
Bash Scripting,,
Payment Gateway Integration,,
Adobe Freehand,,
API,,
Full Stack Development,,
ARKit,,
ARCore,,
Backend Development,,
Frontend Development,,
Flask,,
jqGrid,,
Push Notification,,
BeautifulSoup,,
Sails.js,,
SSIS (SQL Server Integration Services),,
Vim,,
Documentation,,
F#,,
AWS Lambda,,
Jinja2,,
xpath,,
Racket,,
Datatables,,
Dojo,,
Lucene,,
Charts,,
cxf,,
Selenium Webdriver,,
CoffeeScript,,
T-SQL (Transact Structures Query Language),,
IBM Bluemix,,
XSS (Cross-site scripting),,
MapKit,,
Scikit Learn,,
Java Spring,,
Clojure,,
Elixir,,
Cocoa Touch,,
VBScript,,
Ext JS,,
SVG,,
Vue.js,,
ECMAScript,,
Handlebars.js,,
Julia Language,,
Underscore.js,,
RSS,,
GTK+,,
Java ME,,
Google Cloud Platform,,
SCORM,,
Enterprise Architecture,,
Tensorflow,,
Atlassian Confluence,,
Apple Xcode,,
Articulate Storyline,,
GitLab,,
Apple UIKit,,
Jenkins,,
Keras,,
Pytorch,,
Firmware,,
Solutions Architecture,,
Development Operations,,
Sass,,
DOM,,
HTTP,,
Web API,,
RESTful API,,
RxJS,,
NgRx,,
Angular Material,,
Karma Javascript,,
Jasmine Javascript,,
Protractor Javascript,,
Fastlane,,
CocoaPods,,
Carthage,,
Swift Package Manager,,
Xcodebuild,,
NoSQL,,
MongoDB,,
Storm,,
Heron,,
Server,,
Vapor,,
Boost,,
Travis CI,,
TeamCity,,
CircleCI,,
ASM,,
Rust,,
CentOs,,
Version Control Git,,
Prometheus Monitoring,,
Soldering,,
Armadillo,,
LIBSVM,,
FLANN,,
NumPy,,
SciPy,,
Vowpal Wabbit,,
Javascript ES6,,
ES8 Javascript,,
Revit,,
Revit Architecture,,
Office 365,,
iMacros,,
Unreal Engine,,
React Native,,
Flutter,,
jQuery,,
Alteryx,,
Data Visualization,,
Pine Script,,
SDW N17 Service Qualification,,
Amibroker Formula Language,,
SAP Hybris,,
Twilio,,
VtrunkD,,
SD-WAN,,
IBM Tririga,,
BIRT Development,,
Cloud Data,,
Data Integration,,
Data Modernization,,
ERP Software,,
Open Source,,
SAP Transformation,,
ServiceNow,,
IT Transformation,,
Infor,,
Time & Labor SAP,,
SAP Pay,,
EC Pay Workday,,
SAP 4 Hana,,
SFDC,,
Oracle Retail,,
Cloud Finance,,
Oracle EBS Tech Integration,,
Guidewire,,
CompTIA,,
Cloud,,
MuleSoft,,
Java Technical Architecture,,
Apttus,,
NetSuite,,
Anaplan,,
Salesforce Marketing Cloud,,
SAP BODS,,
Data Governance,,
Informatica Powercenter ETL,,
Apache Hadoop,,
Informatica MDM,,
Oracle OBIA,,
Oracle OBIEE,,
IT Operating Model,,
IT strategy,,
SAP HANA,,
SAP Business Planning and Consolidation,,
Cloud Procurement,,
Oracle Database,,
Ariba,,
Oracle Hyperion,,
Cognos,,
Power BI,,
Blender,,
Znode,,
Yii2,,
Bubble Developer,,
PHP Slim,,
Google Firebase,,
Atlassian Jira,,
Google PageSpeed Insights,,
SAP PI,,
SAP CPI,,
Salesforce Commerce Cloud,,
Julia Development,,
Kubernetes,,
Vue.js Framework,,
HP-UX,,
Hewlett Packard,,
Local Area Networking,,
Mobile Development,,
Adobe Dynamic Tag Management,,
Google Tag Management,,
Segment,,
Tealium,,
Facebook Pixel,,
Computer Vision,,
ETL,,
Facebook Product Catalog,,
Facebook SDK,,
Server to Server Facebook API Integration,,
Offline Conversion Facebook API Integration,,
Airtable,,
TvOS,,
Cocos2d,,
V-Play,,
WinJS,,
KNIME,,
PC Programming,,
Genetic Algebra Modelling System,,
Arena Simulation Programming,,
Webflow,,
AI/RPA development,,
Managed Analytics,,
Test,,
Amazon App Development,,
Cloud Development,,
Cloud Networking,,
Cloud Security,,
Microsoft Azure,,
Dropbox API,,
Certified Information Systems Security Professional (CISSP),,
Digital Signal Processing,,
Learning Management Solution (LMS) Consulting,,
React.js Framework,,
Highcharts,,
Caspio,,
LearnDash,,
Kendo UI,,
D3.js,,
NAV,,
Dynamic 365,,
Business Central,,
Dynatrace Software Monitoring,,
Application Performance Monitoring,,
Oracle Primavera,,
Microsoft Project,,
Xara,,
Alexa Modification,,
ASP.NET MVC,,
Prototyping,,
Google Sheets,,
Google APIs,,
Google Docs,,
.NET Core,,
Slack,,
Selenium,,
GitHub,,
Redux.js,,
Shopify Development,,
Magento 2,,
Network Security,,
Agile Project Management,,
PostgreSQL Programming,,
Amazon S3,,
Roadnet,,
Network Engineering,,
MEAN Stack,,
Zoho Creator,,
Three.js,,
A-GPS,,
A/B Testing,,
A+ Certified IT Technician,,
A+ Certified Professional,,
Ab Initio,,
Advanced Business Application Programming (ABAP),,
ABAP Web Dynpro,,
Abaqus,,
ABIS,,
AbleCommerce,,
Ableton,,
Ableton Live,,
Ableton Push,,
Ada programming,,
AIX Administration,,
AJAX Frameworks,,
AJAX Toolkit,,
Ajax4JSF,,
Akka,,
Alacra,,
ALBPM,,
Algorithm Analysis,,
Alias,,
Alibre Design,,
Alienbrain,,
All-Source Analysis,,
AlphaCAM,,
Altera Quartus,,
ABAP List Viewer (ALV),,
Alvarion,,
Automatic Number Plate Recognition (ANPR),,
AC3,,
ACARS,,
K2,,
Polarion,,
Redmine,,
Hardware Security Module,,
Keycloak,,
Cloud Foundry,,
National Building Specification,,
Atmel,,
BuddyPress,,
Crestron,,
Minecraft,,
MQL4,,
PowerApps,,
Roblox,,
Website Build,,
Facebook Development,,
System Analysis,,
Website Optimization,,
SAP Screen Personas,,
Micros RES,,
OpenBSD,,
IMAP,,
POP / POP3,,
Dovecot,,
Postfix,,
SMTP,,
P2P Network,,
Adobe Experience Manager,,
MicroStrategy,,
PHPrunner,,
Office Add-ins,,
Ansys,,
HyperMesh,,
Application Packaging,,
Packaging Technology,,
User Story Writing,,
MOVEit,,
IBM MQ,,
IBM Integration bus,,
IBM Datapower,,
Electron JS,,
PySpark,,
Oracle APEX,,
Fusion 360,,
Houdini,,
IBM Cloud,,
Buildbox,,
Development,,
Creo,,
GraphQL,,
Figma,,
Geofencing,,
Automation,,
Architectural Engineering,,
Certified Ethical Hacking,,
COMPASS,,
Financial Software Development,,
IT Project Management,,
Jade Development,,
RPG Development,,
Technology Consulting,,
Electronic Data Interchange (EDI),,
Amazon FBA,,
Messenger Marketing,,
Amazon Product Launch,,
Google Canvas,,
FaunaDB,,
ArangoDB,,
GatsbyJS,,
Jamstack,,
Elm,,
PureScript,,
Svelte,,
Reason,,
Altium Designer,,
Altium NEXUS,,
CircuitStudio,,
CircuitMaker,,
ActiveCampaign,,
MailerLite,,
Elementor,,
Funnel,,
Non-fungible Tokens (NFT),,
Hubspot,,
App Publication,,
App Reskin,,
Reverse Engineering,,
RichFaces,,
Low Code,,
Appian BPM,,
OctoberCMS,,
Zapier,,
Solidity,,
Smart Contracts,,
Twitch,,
Mininet,,
Ryu Controller,,
Udacity,,
Arc,,
Chatbot,,
Regression Testing,,
Graylog,,
Visual Studio,,
.NET Core Web API,,
Adobe Acrobat,,
Espruino,,
Puck.js,,
Adobe Audition,,
Adobe Creative Cloud,,
Ansible,,
Agora,,
Affectiva,,
Adobe XD,,
Alpine JS,,
Android App Development,,
App Development,,
Android SDK,,
Android Studio,,
Angular,,
API Development,,
API Integration,,
ArchiCAD,,
Forth,,
AutoCAD Advance Steel,,
ArcMap,,
Aspen HYSYS,,
.NET 5.0/6,,
Blazor,,
Windows Service,,
Citadela,,
JUCE,,
Robot Operating System (ROS),,
BitMEX,,
Cloudflare,,
Fedora,,
Point of Sale,,
Data Modeling,,
Predictive Analytics,,
Data Collection,,
Apigee,,
PCI Compliance,,
BigQuery,,
SIP,,
Wrike,,
Kibana,,
Dynatrace,,
Bioinformatics,,
ArcGIS,,
Data Management,,
Biostatistics,,
Jimdo,,
Bash,,
PLC,,
Apache Kafka,,
Content Management System (CMS),,
Software Engineering,,
Zoho CRM,,
TailWind,,
VPN,,
Firewall,,
Performance Tuning,,
Unity,,
Mule,,
SSL,,
Ubiquiti,,
TradeStation,,
Playstation VR,,
Apollo,,
Informatica,,
Network Monitoring,,
Scrivener,,
Chromium,,
Kajabi,,
Avaya,,
Teradata,,
Braintree,,
Big Data,,
WebRTC,,
Appfolio,,
MetaTrader 4,,
Data Backup,,
HIPAA,,
Formstack,,
Hybris,,
Apache Spark,,
Algolia,,
AWS Amplify,,
Backtesting,,
Binance,,
Binance Smart Chain,,
Binary Search,,
Cross Browser,,
LAMP,,
Clover,,
Twago,,
HFT,,
PayPal,,
Corda,,
ADF / Oracle ADF,,
Spring Boot,,
Bukkit,,
MERN Stack,,
Quality Engineering,,
FinTech,,
DApps,,
Next.js,,
Web3.js,,
Juniper,,
Celery,,
Telegram API,,
Gulp.js,,
Web Application,,
Truffle,,
RabitMQ,,
Litecoin,,
Hyperledger,,
Hyperledger Fabric,,
Hugo,,
Amazon ECS,,
Nagios Core,,
Citrix,,
User Experience Research,,
CSS2,,
Angular 4,,
Angular 6,,
Nest.js,,
Docker Compose,,
Phoenix,,
PHPUnit,,
DigitalOcean,,
Amazon CloudFront,,
Jamf,,
Amazon CloudFormation,,
Linear Regression,,
Desktop Application,,
Cordana,,
Solana,,
Polkadot,,
Ergo,,
Algogrand,,
Tether,,
Terra,,
DEMAT,,
Dogecoin,,
Etherscan,,
GeoJSON,,
Ionic React,,
Jitsi,,
Lottie,,
MERN,,
Metamask,,
Micropython,,
Netlify,,
OKTA,,
OTT,,
Power Automate,,
Proto,,
Ratio Analysis,,
Rebranding,,
Roslyn,,
Strapi,,
Tailwind CSS,,
Thermodynamics,,
Tinkercad,,
TRON,,
Weblogic,,
Wireguard,,
WMS,,
SurveyMonkey,,
Powtoon,,
Chart.js,,
Bluebeam,,
VideoHive,,
FoxyCart,,
Hybrid App,,
Plivo,,
Toon Boom,,
Moho,,
Lumion,,
PyCaret,,
Pandas,,
AWS SageMaker,,
AWS Translate,,
AWS Textract,,
AWS Polly,,
GCP AI,,
Background Removal,,
Adobe Animate,,
Corteza,,
Terraform,,
Cloud Monitoring,,
Website Localization,,
App Localization,,
WordPress Multilingual,,
Microsoft PowerBI,,
Draw.io,,
GrooveFunnels,,
Google Data Studio,,
Monday.com,,
Vulkan,,
DirectX,,
Metal,,
Amazon Listings Optimization,,
Vymo,,
Software Performance Testing,,
API Testing,,
JMeter,,
Adobe Analytics,,
CI/CD,,
Backbase,,
WINDEV,,
WEBDEV,,
WINDEV Mobile,,
Outreach.io,,
CAN Bus,,
BitMEX API,,
Virtual Reality,,
AutoML,,
Construct 3,,
GameMaker,,
Phaser,,
Godot,,
PlayFab,,
Photon Multiplayer,,
Modding,,
Editorial Design,,
NLP,,
Fruugo,,
Hibernate,,
TopSolid,,
TopSolid Wood,,
Google Apps Scripts,,
Metatrader 5,,
Gravity Forms,,
MyBB,,
phpBB,,
XenForo,,
Spring Data,,
Spring Security,,
Spring JPA,,
cPanel,,
Keyshot,,
Liquid Template,,